{"cameraMode":{"drawMode":0,"name":"Shaded","section":"Shading Mode"},"sceneLighting":true,"audioPlay":false,"sceneViewState":{"m_AlwaysRefresh":false,"showFog":true,"showSkybox":true,"showFlares":true,"showImageEffects":true,"showParticleSystems":true,"showVisualEffectGraphs":true,"m_FxEnabled":true},"in2DMode":false,"pivot":{"x":1.2318392992019654,"y":2.2890071868896486,"z":3.3603734970092775},"rotation":{"x":-0.034639328718185428,"y":-0.8864257335662842,"z":0.4567798376083374,"w":-0.06745678931474686},"size":11.642374038696289,"orthographic":false}